closed_left;closed_right;norm_eye_area_left;norm_eye_area_right
open;open;8.840117828230007;8.840117828230007
open;open;8.840117828230007;8.840117828230007
closed;closed;8.501999832105572;8.501999832105572
closed;closed;8.501999832105572;8.501999832105572
